"eucountry","year","population","GDP","gini"
Albania,2020,2866376.0,14370506253.3253,
Albania,2019,2866376.0,14862643983.3091,
Albania,2018,2866376.0,14546448944.4056,
Albania,2017,2866376.0,13977387390.5945,33.2
Albania,2016,2866376.0,13465406059.6498,33.7
Albania,2015,2866376.0,13033375121.5884,32.9
Albania,2014,2866376.0,12750473701.7819,34.6
Albania,2013,2866376.0,12528163103.1195,
Albania,2012,2866376.0,12403877841.0321,29.0
Albania,2011,2866376.0,12230507222.1843,
Albania,2010,2866376.0,11926928505.5231,
Albania,2009,2866376.0,11500613161.6647,
Albania,2008,2866376.0,11127823665.7504,30.0
Albania,2007,2866376.0,10351466806.2388,
Albania,2006,2866376.0,9767379279.88863,
Albania,2005,2866376.0,9223202583.88038,30.6
Albania,2004,2866376.0,8739893896.95844,
Albania,2003,2866376.0,8283474557.11024,
Albania,2002,2866376.0,7849398816.77983,31.7
Albania,2001,2866376.0,7508515182.79876,
Albania,2000,2866376.0,6933706092.26578,
Andorra,2020,77006.0,3121702240.48787,
Andorra,2019,77006.0,3545618454.19594,
Andorra,2018,77006.0,3475566750.62972,
Andorra,2017,77006.0,3421211719.47501,
Andorra,2016,77006.0,3409412700.51704,
Andorra,2015,77006.0,3287458570.8604,
Andorra,2014,77006.0,3240978390.56079,
Andorra,2013,77006.0,3161792390.29564,
Andorra,2012,77006.0,3278085642.31738,
Andorra,2011,77006.0,3449688452.87021,
Andorra,2010,77006.0,3449966856.68832,
Andorra,2009,77006.0,3519475009.94299,
Andorra,2008,77006.0,3716558398.51518,
Andorra,2007,77006.0,3935330770.25056,
Andorra,2006,77006.0,3875142516.24022,
Andorra,2005,77006.0,3697348535.06562,
Andorra,2004,77006.0,3507994166.77714,
Andorra,2003,77006.0,3244067347.20933,
Andorra,2002,77006.0,2984581731.4066,
Andorra,2001,77006.0,2854792522.86889,
Andorra,2000,77006.0,2640408325.59989,
Austria,2020,8840521.0,419595298128.512,
Austria,2019,8840521.0,449199380962.245,
Austria,2018,8840521.0,442915585749.024,30.8
Austria,2017,8840521.0,431775262676.529,29.7
Austria,2016,8840521.0,421657228102.472,30.8
Austria,2015,8840521.0,413432253216.039,30.5
Austria,2014,8840521.0,409280100109.633,30.5
Austria,2013,8840521.0,406591421433.927,30.8
Austria,2012,8840521.0,406487747903.707,30.5
Austria,2011,8840521.0,403740513438.199,30.8
Austria,2010,8840521.0,392275107258.667,30.3
Austria,2009,8840521.0,385198647266.611,31.5
Austria,2008,8840521.0,400267011848.042,30.4
Austria,2007,8840521.0,394505559258.526,30.6
Austria,2006,8840521.0,380329113681.259,29.6
Austria,2005,8840521.0,367630985634.815,28.7
Austria,2004,8840521.0,359562175533.158,29.8
Austria,2003,8840521.0,349989540825.713,29.5
Austria,2002,8840521.0,346725223670.04,
Austria,2001,8840521.0,341091906904.391,
Austria,2000,8840521.0,336823783071.547,28.8
Belarus,2020,9483499.0,62765583662.6109,
Belarus,2019,9483499.0,63335604099.6643,25.3
Belarus,2018,9483499.0,62461148027.2823,25.2
Belarus,2017,9483499.0,60554177331.8333,25.4
Belarus,2016,9483499.0,59058702608.9201,25.3
Belarus,2015,9483499.0,60589462935.5585,25.6
Belarus,2014,9483499.0,63002175707.5323,27.2
Belarus,2013,9483499.0,61932974220.8466,26.6
Belarus,2012,9483499.0,61317669289.2363,26.5
Belarus,2011,9483499.0,60300321142.6581,27.2
Belarus,2010,9483499.0,57222490768.7143,28.6
Belarus,2009,9483499.0,53082941363.8271,27.7
Belarus,2008,9483499.0,52976989868.7029,27.8
Belarus,2007,9483499.0,48073493773.2612,29.6
Belarus,2006,9483499.0,44266566187.7427,28.3
Belarus,2005,9483499.0,40242334795.7495,27.6
Belarus,2004,9483499.0,36784583396.0769,26.5
Belarus,2003,9483499.0,33005534486.7779,28.8
Belarus,2002,9483499.0,30833847251.5793,30.3
Belarus,2001,9483499.0,29352914216.1911,30.6
Belarus,2000,9483499.0,28028482645.7397,31.2
Belgium,2020,11433256,513138622534.939,
Belgium,2019,11433256,547546031612.432,
Belgium,2018,11433256,537945351170.51,27.2
Belgium,2017,11433256,528496260419.776,27.4
Belgium,2016,11433256,520063190330.958,27.6
Belgium,2015,11433256,513558020680.56,27.7
Belgium,2014,11433256,503283690440.236,28.1
Belgium,2013,11433256,495462648324.133,27.7
Belgium,2012,11433256,493197676499.208,27.5
Belgium,2011,11433256,489578626676.653,28.1
Belgium,2010,11433256,481420882905.001,28.4
Belgium,2009,11433256,468015547701.557,28.6
Belgium,2008,11433256,477667990477.055,28.4
Belgium,2007,11433256,475542653709.135,29.2
Belgium,2006,11433256,458677622724.361,28.1
Belgium,2005,11433256,447261933028.675,29.3
Belgium,2004,11433256,437113311312.751,30.5
Belgium,2003,11433256,422041352211.795,28.1
Belgium,2002,11433256,417705640556.509,
Belgium,2001,11433256,410695541666.438,
Belgium,2000,11433256,406228575522.44,33.1
Bosnia and Herzegovina,2020,3323929.0,19937655682.3208,
Bosnia and Herzegovina,2019,3323929.0,20839450781.6725,
Bosnia and Herzegovina,2018,3323929.0,20265727508.4724,
Bosnia and Herzegovina,2017,3323929.0,19535100848.8297,
Bosnia and Herzegovina,2016,3323929.0,18934602269.0509,
Bosnia and Herzegovina,2015,3323929.0,18356410773.0628,
Bosnia and Herzegovina,2014,3323929.0,17806343590.1312,
Bosnia and Herzegovina,2013,3323929.0,17603228545.3329,
Bosnia and Herzegovina,2012,3323929.0,17199074936.9112,
Bosnia and Herzegovina,2011,3323929.0,17341594485.6047,33.0
Bosnia and Herzegovina,2010,3323929.0,17176781336.7644,
Bosnia and Herzegovina,2009,3323929.0,17029363372.8317,
Bosnia and Herzegovina,2008,3323929.0,17556851230.7796,
Bosnia and Herzegovina,2007,3323929.0,16650743291.5849,33.1
Bosnia and Herzegovina,2006,3323929.0,15729153560.7731,
Bosnia and Herzegovina,2005,3323929.0,14921313134.8433,
Bosnia and Herzegovina,2004,3323929.0,13719579896.7392,34.0
Bosnia and Herzegovina,2003,3323929.0,12930805086.5843,
Bosnia and Herzegovina,2002,3323929.0,12433466463.9814,
Bosnia and Herzegovina,2001,3323929.0,11807660368.5842,30.0
Bosnia and Herzegovina,2000,3323929.0,11310019583.9402,
Bulgaria,2020,7025037.0,60566782151.677,
Bulgaria,2019,7025037.0,63191572277.6213,
Bulgaria,2018,7025037.0,60940251461.1954,41.3
Bulgaria,2017,7025037.0,59112236490.8388,40.4
Bulgaria,2016,7025037.0,57111753665.4351,40.6
Bulgaria,2015,7025037.0,55010127749.7693,38.6
Bulgaria,2014,7025037.0,52899515523.1699,37.4
Bulgaria,2013,7025037.0,51920571507.3287,36.6
Bulgaria,2012,7025037.0,51751979375.9177,36.0
Bulgaria,2011,7025037.0,51568094264.4734,34.3
Bulgaria,2010,7025037.0,50381825504.2642,35.7
Bulgaria,2009,7025037.0,50101534229.7147,33.8
Bulgaria,2008,7025037.0,51851436378.6577,33.6
Bulgaria,2007,7025037.0,48876966228.4417,36.1
Bulgaria,2006,7025037.0,45869280338.7161,35.7
Bulgaria,2005,7025037.0,42947892705.1545,
Bulgaria,2004,7025037.0,40080703028.4043,
Bulgaria,2003,7025037.0,37655019586.0687,
Bulgaria,2002,7025037.0,35810138200.2256,
Bulgaria,2001,7025037.0,33798124235.1857,
Bulgaria,2000,7025037.0,32555406323.5435,
Croatia,2020,4087843.0,61535031999.3384,
Croatia,2019,4087843.0,67154066752.8158,
Croatia,2018,4087843.0,65287544197.8689,29.7
Croatia,2017,4087843.0,63504583355.145,30.4
Croatia,2016,4087843.0,61393139836.7654,30.9
Croatia,2015,4087843.0,59318112197.5722,31.1
Croatia,2014,4087843.0,57909810141.88,32.1
Croatia,2013,4087843.0,58108222128.8461,32.0
Croatia,2012,4087843.0,58369186194.0968,32.5
Croatia,2011,4087843.0,59799454151.6423,32.3
Croatia,2010,4087843.0,59918313669.1671,32.4
Croatia,2009,4087843.0,60717700435.3099,32.6
Croatia,2008,4087843.0,65515772483.174,
Croatia,2007,4087843.0,64298314188.4647,
Croatia,2006,4087843.0,61197075793.9092,
Croatia,2005,4087843.0,58286655436.7013,
Croatia,2004,4087843.0,55879107778.0003,
Croatia,2003,4087843.0,53650170222.5233,
Croatia,2002,4087843.0,50787868293.8868,
Croatia,2001,4087843.0,48059002801.748,
Croatia,2000,4087843.0,46678391315.0396,
Czech Republic,2020,10629928,244395294183.036,
Czech Republic,2019,10629928,258899638367.936,
Czech Republic,2018,10629928,253045172103.95,25.0
Czech Republic,2017,10629928,245202003265.939,24.9
Czech Republic,2016,10629928,233151067380.883,25.4
Czech Republic,2015,10629928,227381745549.048,25.9
Czech Republic,2014,10629928,215755991069.112,25.9
Czech Republic,2013,10629928,210983331025.624,26.5
Czech Republic,2012,10629928,211080224602.858,26.1
Czech Republic,2011,10629928,212750323790.759,26.4
Czech Republic,2010,10629928,209069940963.177,26.6
Czech Republic,2009,10629928,204100298391.036,26.2
Czech Republic,2008,10629928,214070259127.502,26.3
Czech Republic,2007,10629928,208469898850.69,26.0
Czech Republic,2006,10629928,197470142753.551,26.7
Czech Republic,2005,10629928,184954402823.471,26.9
Czech Republic,2004,10629928,173500559474.731,27.5
Czech Republic,2003,10629928,165531443734.197,
Czech Republic,2002,10629928,159804546639.628,26.6
Czech Republic,2001,10629928,157334620713.224,
Czech Republic,2000,10629928,152688350008.684,
Denmark,2020,5793636.0,372510633673.233,
Denmark,2019,5793636.0,382978543873.05,
Denmark,2018,5793636.0,372367867708.325,28.2
Denmark,2017,5793636.0,364438964537.519,28.7
Denmark,2016,5793636.0,354437668050.905,28.2
Denmark,2015,5793636.0,343294476994.931,28.2
Denmark,2014,5793636.0,335436569740.648,28.4
Denmark,2013,5793636.0,330091094977.815,28.5
Denmark,2012,5793636.0,327038708713.874,27.8
Denmark,2011,5793636.0,326299640707.019,27.3
Denmark,2010,5793636.0,321995279401.502,27.2
Denmark,2009,5793636.0,316081423941.657,26.7
Denmark,2008,5793636.0,332390313313.103,25.2
Denmark,2007,5793636.0,334100966204.774,26.2
Denmark,2006,5793636.0,331090561927.791,25.9
Denmark,2005,5793636.0,318622825351.085,25.2
Denmark,2004,5793636.0,311347745321.688,24.9
Denmark,2003,5793636.0,303256204834.651,25.6
Denmark,2002,5793636.0,302077924044.662,
Denmark,2001,5793636.0,300675736064.966,
Denmark,2000,5793636.0,298220921608.043,23.8
Estonia,2020,1321977.0,1716175032.13533,
Estonia,2019,1321977.0,1768017696.68141,
Estonia,2018,1321977.0,1683883408.75594,30.3
Estonia,2017,1321977.0,1613603477.8319,30.4
Estonia,2016,1321977.0,1529494224.16303,31.2
Estonia,2015,1321977.0,1482243027.71369,32.7
Estonia,2014,1321977.0,1455392682.02426,34.6
Estonia,2013,1321977.0,1413176509.34604,35.1
Estonia,2012,1321977.0,1394405238.91226,32.9
Estonia,2011,1321977.0,1352344121.715,32.5
Estonia,2010,1321977.0,1258853226.89866,32.0
Estonia,2009,1321977.0,1225873125.80184,31.4
Estonia,2008,1321977.0,1432661648.36718,31.9
Estonia,2007,1321977.0,1509478087.87613,31.2
Estonia,2006,1321977.0,1403205243.69945,33.7
Estonia,2005,1321977.0,1278910944.3012,33.4
Estonia,2004,1321977.0,1168058685.55873,33.6
Estonia,2003,1321977.0,1094021262.4988,37.2
Estonia,2002,1321977.0,1017063247.49321,
Estonia,2001,1321977.0,952285075.881869,
Estonia,2000,1321977.0,898555070.886312,
Faroe Islands,2010,48497.0,2320424601.26954,
Finland,2020,5515525.0,264979499809.023,
Finland,2019,5515525.0,272538565989.577,
Finland,2018,5515525.0,269113179058.496,27.3
Finland,2017,5515525.0,265628570361.662,27.4
Finland,2016,5515525.0,257410958145.949,27.1
Finland,2015,5515525.0,250371859068.695,27.1
Finland,2014,5515525.0,249018049503.61,26.8
Finland,2013,5515525.0,249930064696.187,27.2
Finland,2012,5515525.0,252204180501.055,27.1
Finland,2011,5515525.0,255778806281.83,27.6
Finland,2010,5515525.0,249424310816.667,27.7
Finland,2009,5515525.0,241723112398.309,27.5
Finland,2008,5515525.0,262955299855.628,27.8
Finland,2007,5515525.0,260909780066.563,28.3
Finland,2006,5515525.0,247779130164.083,28.0
Finland,2005,5515525.0,238186388547.614,27.6
Finland,2004,5515525.0,231744244869.138,27.9
Finland,2003,5515525.0,222847951217.91,27.7
Finland,2002,5515525.0,218470278293.54,
Finland,2001,5515525.0,214803266558.191,
Finland,2000,5515525.0,209339466449.934,27.2
France,2020,66977107,2733415158875.63,
France,2019,66977107,2974818953250.52,
France,2018,66977107,2930607976267.93,32.4
France,2017,66977107,2878991574857.68,31.6
France,2016,66977107,2814499568997.83,31.9
France,2015,66977107,2784001820060.14,32.7
France,2014,66977107,2753359344138.85,32.3
France,2013,66977107,2727281540260.42,32.5
France,2012,66977107,2711653557481.26,33.1
France,2011,66977107,2703188933543.06,33.3
France,2010,66977107,2645187882116.67,33.7
France,2009,66977107,2594607624904.28,32.7
France,2008,66977107,2671364304886.08,33.0
France,2007,66977107,2664571088541.21,32.4
France,2006,66977107,2601491774613.78,29.7
France,2005,66977107,2539296193640.63,29.8
France,2004,66977107,2497753065595.08,30.6
France,2003,66977107,2429017861520.09,31.4
France,2002,66977107,2409186384646.31,
France,2001,66977107,2382136475024.72,
France,2000,66977107,2335800696315.34,31.1
Germany,2020,82905782,3754901122212.8,
Germany,2019,82905782,3948227895585.61,
Germany,2018,82905782,3926418568780.85,
Germany,2017,82905782,3877255158232.27,
Germany,2016,82905782,3778928349350.17,31.9
Germany,2015,82905782,3696496482672.59,31.7
Germany,2014,82905782,3642157979491.28,30.9
Germany,2013,82905782,3563422609296.38,31.1
Germany,2012,82905782,3547897319183.13,30.9
Germany,2011,82905782,3533111333252.44,30.5
Germany,2010,82905782,3399667820000.01,30.2
Germany,2009,82905782,3263267090017.34,30.5
Germany,2008,82905782,3460290359872.83,31.1
Germany,2007,82905782,3427391543620.05,31.3
Germany,2006,82905782,3328325430555.39,31.3
Germany,2005,82905782,3205971394535.92,32.1
Germany,2004,82905782,3182683471581.1,30.4
Germany,2003,82905782,3145718506754.38,30.0
Germany,2002,82905782,3167897485650.41,29.9
Germany,2001,82905782,3174181534556.98,30.3
Germany,2000,82905782,3121691279617,28.8
Greece,2020,10731726,231437217362.581,
Greece,2019,10731726,252241424421.126,
Greece,2018,10731726,247643489387.938,32.9
Greece,2017,10731726,243842046377.8,34.4
Greece,2016,10731726,240758353595.684,35.0
Greece,2015,10731726,241943520921.99,36.0
Greece,2014,10731726,242944211867.598,35.8
Greece,2013,10731726,241259867501.329,36.1
Greece,2012,10731726,248061138528.468,36.3
Greece,2011,10731726,266968814916.016,34.8
Greece,2010,10731726,297124961971.501,34.1
Greece,2009,10731726,314348217058.93,33.6
Greece,2008,10731726,328475055055.053,33.6
Greece,2007,10731726,329579715229.25,34.0
Greece,2006,10731726,319132136925.793,35.1
Greece,2005,10731726,302058482456.473,34.6
Greece,2004,10731726,300259501159.082,33.6
Greece,2003,10731726,285795416764.314,32.8
Greece,2002,10731726,270141955662.615,
Greece,2001,10731726,259944659657.605,
Greece,2000,10731726,249630880309.085,34.2
Hungary,2020,9775564.0,163260617185.897,
Hungary,2019,9775564.0,171775075702.853,
Hungary,2018,9775564.0,164156103282.558,29.6
Hungary,2017,9775564.0,155746258233.436,30.6
Hungary,2016,9775564.0,149301250250.029,30.3
Hungary,2015,9775564.0,146173151085.081,30.4
Hungary,2014,9775564.0,140795565306.983,30.9
Hungary,2013,9775564.0,135082972930.623,31.5
Hungary,2012,9775564.0,132615331004.73,30.8
Hungary,2011,9775564.0,134471881165.37,29.2
Hungary,2010,9775564.0,131916516051.985,29.4
Hungary,2009,9775564.0,130452605289.135,27.0
Hungary,2008,9775564.0,139819916274.643,27.5
Hungary,2007,9775564.0,138355712640.943,27.9
Hungary,2006,9775564.0,138021450771.415,28.3
Hungary,2005,9775564.0,132673369639.58,34.7
Hungary,2004,9775564.0,127272408583.735,29.9
Hungary,2003,9775564.0,121416660935.602,
Hungary,2002,9775564.0,116651982722.029,
Hungary,2001,9775564.0,111371542205.075,
Hungary,2000,9775564.0,107011783045.671,
Iceland,2020,352721.0,17452945287.5673,
Iceland,2019,352721.0,18696066454.1507,
Iceland,2018,352721.0,18227792282.9059,
Iceland,2017,352721.0,17407080835.653,26.1
Iceland,2016,352721.0,16706261705.8402,27.2
Iceland,2015,352721.0,15715599487.2528,26.8
Iceland,2014,352721.0,15047971591.1662,27.8
Iceland,2013,352721.0,14798292576.4812,25.4
Iceland,2012,352721.0,14153940071.0105,26.8
Iceland,2011,352721.0,14004977998.1585,26.8
Iceland,2010,352721.0,13751161917.7398,26.2
Iceland,2009,352721.0,14152057862.8939,28.7
Iceland,2008,352721.0,15326664220.7095,31.8
Iceland,2007,352721.0,14995342661.6113,29.5
Iceland,2006,352721.0,13826344571.668,30.2
Iceland,2005,352721.0,13004830338.3031,29.0
Iceland,2004,352721.0,12254321874.4845,28.0
Iceland,2003,352721.0,11367392498.1864,26.8
Iceland,2002,352721.0,11128934120.1247,
Iceland,2001,352721.0,11067012075.7528,
Iceland,2000,352721.0,10639976864.4727,
Ireland,2020,4867309.0,406452591286.675,
Ireland,2019,4867309.0,393019896249.931,
Ireland,2018,4867309.0,372300617924.262,
Ireland,2017,4867309.0,343082365981.679,31.4
Ireland,2016,4867309.0,314381129555.559,32.8
Ireland,2015,4867309.0,308235649867.516,31.8
Ireland,2014,4867309.0,246241019995.408,31.9
Ireland,2013,4867309.0,226656857706.201,33.5
Ireland,2012,4867309.0,223909812167.535,33.2
Ireland,2011,4867309.0,223624003883.013,32.9
Ireland,2010,4867309.0,222287851794.584,32.3
Ireland,2009,4867309.0,218414850981.939,32.7
Ireland,2008,4867309.0,230091285255.947,30.9
Ireland,2007,4867309.0,240778055809.957,31.9
Ireland,2006,4867309.0,228618540241.807,32.7
Ireland,2005,4867309.0,217748953140.018,33.8
Ireland,2004,4867309.0,205934899869.232,33.6
Ireland,2003,4867309.0,192854482587.041,32.9
Ireland,2002,4867309.0,187236160688.21,32.3
Ireland,2001,4867309.0,176805103461.172,
Ireland,2000,4867309.0,167889828773.098,33.0
Italy,2020,60421760,1961351272330.88,
Italy,2019,60421760,2152283490598.57,
Italy,2018,60421760,2146114485858.04,
Italy,2017,60421760,2126092284053.69,35.9
Italy,2016,60421760,2091213785858.19,35.2
Italy,2015,60421760,2064510116906.73,35.4
Italy,2014,60421760,2048566038303.31,34.7
Italy,2013,60421760,2048659201948.41,34.9
Italy,2012,60421760,2087083780359.59,35.2
Italy,2011,60421760,2151209302546.05,35.1
Italy,2010,60421760,2136099955236.67,34.7
Italy,2009,60421760,2100118708781.5,33.8
Italy,2008,60421760,2217208074999.43,33.8
Italy,2007,60421760,2238745090235.33,32.9
Italy,2006,60421760,2205941135644.34,33.7
Italy,2005,60421760,2167135546609.64,33.8
Italy,2004,60421760,2149555429590.68,34.3
Italy,2003,60421760,2119384002738.32,34.9
Italy,2002,60421760,2116450033861.54,
Italy,2001,60421760,2111089070963.84,
Italy,2000,60421760,2070682364290.87,35.3
Latvia,2020,1927174.0,43850982467.9886,
Latvia,2019,1927174.0,45499749575.0179,
Latvia,2018,1927174.0,44595743365.806,35.1
Latvia,2017,1927174.0,42870501056.9186,35.6
Latvia,2016,1927174.0,41520776742.7396,34.3
Latvia,2015,1927174.0,40558357687.4366,34.2
Latvia,2014,1927174.0,38995843365.7812,35.1
Latvia,2013,1927174.0,38581617963.9437,35.5
Latvia,2012,1927174.0,37710440391.8362,35.2
Latvia,2011,1927174.0,36172486448.4331,35.8
Latvia,2010,1927174.0,33974713228.7101,35.0
Latvia,2009,1927174.0,35540939762.4485,36.0
Latvia,2008,1927174.0,41451858072.2391,37.2
Latvia,2007,1927174.0,42878556292.9244,37.5
Latvia,2006,1927174.0,38970904830.6932,35.6
Latvia,2005,1927174.0,34799687961.907,39.0
Latvia,2004,1927174.0,31428910218.164,36.4
Latvia,2003,1927174.0,28966399140.5609,
Latvia,2002,1927174.0,26713274658.9113,
Latvia,2001,1927174.0,24946375649.8431,
Latvia,2000,1927174.0,23462863080.0846,
Liechtenstein,2010,37910.0,5082366478.08994,
Lithuania,2020,2801543.0,14889418521.7028,
Lithuania,2019,2801543.0,15020382065.0197,
Lithuania,2018,2801543.0,14395769626.2351,35.7
Lithuania,2017,2801543.0,13850496906.4725,37.3
Lithuania,2016,2801543.0,13281695423.2095,38.4
Lithuania,2015,2801543.0,12955371854.0676,37.4
Lithuania,2014,2801543.0,12698284425.0764,37.7
Lithuania,2013,2801543.0,12264488263.5827,35.3
Lithuania,2012,2801543.0,11844017031.4634,35.1
Lithuania,2011,2801543.0,11405601149.4605,32.5
Lithuania,2010,2801543.0,10756042844.3535,33.6
Lithuania,2009,2801543.0,10581319790.3218,37.2
Lithuania,2008,2801543.0,12425019822.0591,35.7
Lithuania,2007,2801543.0,12108453621.6011,34.8
Lithuania,2006,2801543.0,10897964391.0828,34.4
Lithuania,2005,2801543.0,10145746439.6587,35.3
Lithuania,2004,2801543.0,9417547080.17682,37.0
Lithuania,2003,2801543.0,8837001162.14328,
Lithuania,2002,2801543.0,7992515420.49374,
Lithuania,2001,2801543.0,7487034670.44861,
Lithuania,2000,2801543.0,7028356472.96767,
Luxembourg,2020,607950.0,68009287856.1291,
Luxembourg,2019,607950.0,68914273222.8934,
Luxembourg,2018,607950.0,67366870478.9246,35.4
Luxembourg,2017,607950.0,65334423537.5936,34.5
Luxembourg,2016,607950.0,64178453456.4681,31.7
Luxembourg,2015,607950.0,61370976137.0688,32.9
Luxembourg,2014,607950.0,58837192739.3142,31.2
Luxembourg,2013,607950.0,56413236518.3812,32.0
Luxembourg,2012,607950.0,54424368010.6887,34.3
Luxembourg,2011,607950.0,54616903567.9042,32.1
Luxembourg,2010,607950.0,53264394998.6001,30.5
Luxembourg,2009,607950.0,50793315934.8984,31.2
Luxembourg,2008,607950.0,53108088559.7831,32.6
Luxembourg,2007,607950.0,53796460668.8657,31.1
Luxembourg,2006,607950.0,49648546045.1779,30.9
Luxembourg,2005,607950.0,47204089537.0511,30.8
Luxembourg,2004,607950.0,45752614511.1534,30.2
Luxembourg,2003,607950.0,44157564394.2986,30.2
Luxembourg,2002,607950.0,43449645581.9884,
Luxembourg,2001,607950.0,41851153604.5882,
Luxembourg,2000,607950.0,40817660716.508,30.4
Malta,2020,484630.0,13664504216.412,
Malta,2019,484630.0,14693193755.8639,
Malta,2018,484630.0,13921976625.3068,28.7
Malta,2017,484630.0,13236432054.2372,29.2
Malta,2016,484630.0,12242418065.7844,29.1
Malta,2015,484630.0,11761274055.5891,29.4
Malta,2014,484630.0,10730293230.9693,29.0
Malta,2013,484630.0,9969284127.5679,28.8
Malta,2012,484630.0,9451945528.64474,29.4
Malta,2011,484630.0,9078134520.83534,29.1
Malta,2010,484630.0,9035932122.49768,29.0
Malta,2009,484630.0,8561323235.70686,30.2
Malta,2008,484630.0,8659511134.94235,29.0
Malta,2007,484630.0,8340378285.12884,29.2
Malta,2006,484630.0,7960297513.94763,28.0
Malta,2005,484630.0,7765375534.43266,
Malta,2004,484630.0,7511226168.34104,
Malta,2003,484630.0,7500705069.85747,
Malta,2002,484630.0,7207083524.95505,
Malta,2001,484630.0,7026826916.21676,
Malta,2000,484630.0,7110352033.00746,
Moldova,2020,2706049.0,9197982945.48309,
Moldova,2019,2706049.0,9887013493.08368,
Moldova,2018,2706049.0,9545247410.92867,25.7
Moldova,2017,2706049.0,9151593647.17486,25.9
Moldova,2016,2706049.0,8741545794.83075,26.3
Moldova,2015,2706049.0,8372415480.26162,27.0
Moldova,2014,2706049.0,8400830055.05566,26.8
Moldova,2013,2706049.0,8000819052.00779,28.5
Moldova,2012,2706049.0,7337248195.12826,29.2
Moldova,2011,2706049.0,7380775144.91523,30.6
Moldova,2010,2706049.0,6974960345.3712,32.1
Moldova,2009,2706049.0,6512568011.12431,32.9
Moldova,2008,2706049.0,6928263862.95101,34.7
Moldova,2007,2706049.0,6426960903.2039,34.4
Moldova,2006,2706049.0,6239767852.66749,35.4
Moldova,2005,2706049.0,5953976967.16872,36.3
Moldova,2004,2706049.0,5538583218.12875,35.0
Moldova,2003,2706049.0,5156967629.53441,34.9
Moldova,2002,2706049.0,4837680701.41398,35.8
Moldova,2001,2706049.0,4487644450.3731,38.0
Moldova,2000,2706049.0,4229636600.29266,36.4
Monaco,2019,38682.0,8152851305.84648,
Monaco,2018,38682.0,7584047726.36882,
Monaco,2017,38682.0,7148018560.25454,
Monaco,2016,38682.0,7399605196.87127,
Monaco,2015,38682.0,7149376905.74042,
Monaco,2014,38682.0,6815421317.77807,
Monaco,2013,38682.0,6357669097.17619,
Monaco,2012,38682.0,5800793053.16187,
Monaco,2011,38682.0,5743359406.07185,
Monaco,2010,38682.0,5367625613.15127,
Monaco,2009,38682.0,5257223916.21371,
Monaco,2008,38682.0,5926971761.89845,
Monaco,2007,38682.0,5887710460.02917,
Monaco,2006,38682.0,5145300278.40382,
Monaco,2005,38682.0,4863051836.13947,
Monaco,2004,38682.0,4772591409.25361,
Monaco,2003,38682.0,4657527906.66843,
Monaco,2002,38682.0,4607420522.33859,
Monaco,2001,38682.0,4560606124.884,
Monaco,2000,38682.0,4462968314.99403,
Montenegro,2020,631219.0,4533984453.54349,
Montenegro,2019,631219.0,5344094979.59219,
Montenegro,2018,631219.0,5135444172.57865,
Montenegro,2017,631219.0,4887274946.92473,
Montenegro,2016,631219.0,4667151600.8246,38.5
Montenegro,2015,631219.0,4533444861.21991,39.0
Montenegro,2014,631219.0,4384784936.38777,38.8
Montenegro,2013,631219.0,4307944887.65039,39.0
Montenegro,2012,631219.0,4160296612.28314,41.2
Montenegro,2011,631219.0,4276787738.05463,
Montenegro,2010,631219.0,4143033275.88493,
Montenegro,2009,631219.0,4032762450.51021,
Montenegro,2008,631219.0,4280841227.25932,
Montenegro,2007,631219.0,3992473234.91718,
Montenegro,2006,631219.0,3737915560.04535,
Montenegro,2005,631219.0,3442975808.70488,
Montenegro,2004,631219.0,3304814675.89264,
Montenegro,2003,631219.0,3164741539.37446,
Montenegro,2002,631219.0,3088075152.53432,
Montenegro,2001,631219.0,3030378743.71352,
Montenegro,2000,631219.0,2997411926.88696,
Netherlands,2020,17231624,926701803851.381,
Netherlands,2019,17231624,962720331434.427,
Netherlands,2018,17231624,946837898609.854,28.1
Netherlands,2017,17231624,924999447038.053,28.5
Netherlands,2016,17231624,898835229746.291,28.2
Netherlands,2015,17231624,879557839900.357,28.2
Netherlands,2014,17231624,862656926597.85,28.6
Netherlands,2013,17231624,850550233737.807,28.1
Netherlands,2012,17231624,851658883145.551,27.6
Netherlands,2011,17231624,860525340337.452,27.8
Netherlands,2010,17231624,847380859016.668,27.8
Netherlands,2009,17231624,836153497098.728,27.9
Netherlands,2008,17231624,867981366402.608,29.3
Netherlands,2007,17231624,849543512429.438,29.6
Netherlands,2006,17231624,818656877650.488,30.0
Netherlands,2005,17231624,791271073209.597,29.0
Netherlands,2004,17231624,775369211305.076,29.8
Netherlands,2003,17231624,760278103670.112,
Netherlands,2002,17231624,759096600948.749,
Netherlands,2001,17231624,757450860234.74,
Netherlands,2000,17231624,740226130632.733,
North Macedonia,2020,2084367.0,11189794856.6502,
North Macedonia,2019,2084367.0,11720989518.407,
North Macedonia,2018,2084367.0,11360393491.8192,33.0
North Macedonia,2017,2084367.0,11042309099.238,34.2
North Macedonia,2016,2084367.0,10924134787.2329,34.5
North Macedonia,2015,2084367.0,10621609552.3164,35.6
North Macedonia,2014,2084367.0,10227260191.7624,35.2
North Macedonia,2013,2084367.0,9869098420.48675,36.2
North Macedonia,2012,2084367.0,9588606960.45675,38.1
North Macedonia,2011,2084367.0,9632549033.15179,39.4
North Macedonia,2010,2084367.0,9412311665.9492,40.2
North Macedonia,2009,2084367.0,9106448740.75946,42.8
North Macedonia,2008,2084367.0,9139223353.51773,
North Macedonia,2007,2084367.0,8665070571.39311,
North Macedonia,2006,2084367.0,8138242511.94872,
North Macedonia,2005,2084367.0,7740605651.95271,
North Macedonia,2004,2084367.0,7391428039.45763,
North Macedonia,2003,2084367.0,7061373133.6408,
North Macedonia,2002,2084367.0,6907839381.07181,
North Macedonia,2001,2084367.0,6806177852.52376,
North Macedonia,2000,2084367.0,7021546709.10223,
Norway,2020,5311916.0,488911512109.457,
Norway,2019,5311916.0,492667994894.748,
Norway,2018,5311916.0,488506420357,27.6
Norway,2017,5311916.0,483101343264.083,27.0
Norway,2016,5311916.0,472132485600.729,28.5
Norway,2015,5311916.0,467126944887.83,27.5
Norway,2014,5311916.0,458115229920.278,26.8
Norway,2013,5311916.0,449266722786.278,26.4
Norway,2012,5311916.0,444668526003.851,25.7
Norway,2011,5311916.0,432965007871.716,25.3
Norway,2010,5311916.0,428757038466.841,25.7
Norway,2009,5311916.0,425768848675.368,26.2
Norway,2008,5311916.0,433251184624.934,27.0
Norway,2007,5311916.0,431197048129.248,27.1
Norway,2006,5311916.0,418661275147.645,26.4
Norway,2005,5311916.0,408849586548.852,30.6
Norway,2004,5311916.0,398390171552.691,31.6
Norway,2003,5311916.0,383180162395.028,27.6
Norway,2002,5311916.0,379724270302.257,
Norway,2001,5311916.0,374310785078.08,
Norway,2000,5311916.0,366702477304.826,27.4
Poland,2020,37974750,643085265147.747,
Poland,2019,37974750,660941995821.311,
Poland,2018,37974750,632232812655.457,30.2
Poland,2017,37974750,600104964680.131,29.7
Poland,2016,37974750,572451795841.21,31.2
Poland,2015,37974750,555014724902.995,31.8
Poland,2014,37974750,532458063874.241,32.8
Poland,2013,37974750,515056478625.676,33.1
Poland,2012,37974750,509322687626.439,33.0
Poland,2011,37974750,502662952276.722,33.2
Poland,2010,37974750,479834179020.33,33.2
Poland,2009,37974750,462533048121.248,33.4
Poland,2008,37974750,449794050343.249,33.5
Poland,2007,37974750,431664312008.755,34.0
Poland,2006,37974750,403192683978.377,34.7
Poland,2005,37974750,379900441083.806,35.8
Poland,2004,37974750,367029283985.01,38.0
Poland,2003,37974750,349608894637.35,
Poland,2002,37974750,337791596192.75,
Poland,2001,37974750,331051702981.461,
Poland,2000,37974750,326937286505.489,
Portugal,2020,10283822,234883361042.573,
Portugal,2019,10283822,254102715783.64,
Portugal,2018,10283822,247931796009.536,33.5
Portugal,2017,10283822,241063120722.329,33.8
Portugal,2016,10283822,232896949514.553,35.2
Portugal,2015,10283822,228286732295.719,35.5
Portugal,2014,10283822,224267750933.647,35.6
Portugal,2013,10283822,222505087211.577,36.2
Portugal,2012,10283822,224577136198.924,36.0
Portugal,2011,10283822,234074214334.376,36.3
Portugal,2010,10283822,238113003233.284,35.8
Portugal,2009,10283822,234046157573.901,34.9
Portugal,2008,10283822,241588750226.565,36.6
Portugal,2007,10283822,240819937572.726,36.8
Portugal,2006,10283822,234931199934.205,38.1
Portugal,2005,10283822,231174534737.82,38.5
Portugal,2004,10283822,229381122523.694,38.9
Portugal,2003,10283822,225350203033.54,38.8
Portugal,2002,10283822,227466830093.751,
Portugal,2001,10283822,225726649126.408,
Portugal,2000,10283822,221422913303.857,
Romania,2020,19466145,224969765141.554,
Romania,2019,19466145,234000727422.063,
Romania,2018,19466145,224725300753.379,35.8
Romania,2017,19466145,215100574411.243,36.0
Romania,2016,19466145,200430189829.58,34.4
Romania,2015,19466145,191427365158.106,35.9
Romania,2014,19466145,185935438388.184,36.0
Romania,2013,19466145,179459249986.084,36.9
Romania,2012,19466145,172937829621.072,36.5
Romania,2011,19466145,169479324149.248,35.9
Romania,2010,19466145,166309355234.589,35.5
Romania,2009,19466145,173060868628.322,35.6
Romania,2008,19466145,183166909447.59,36.4
Romania,2007,19466145,167570353781.434,37.5
Romania,2006,19466145,156266346693.626,39.6
Romania,2005,19466145,144652472925.674,
Romania,2004,19466145,138201043602.491,
Romania,2003,19466145,125150235592.491,
Romania,2002,19466145,122287309511.908,
Romania,2001,19466145,115689544451.415,
Romania,2000,19466145,109952094351.041,
Russian Federation,2020,144478050,1726662088420.88,
Russian Federation,2019,144478050,1779170276409.99,
Russian Federation,2018,144478050,1743720734850.68,37.5
Russian Federation,2017,144478050,1696106853061.04,37.2
Russian Federation,2016,144478050,1665694763578.53,36.8
Russian Federation,2015,144478050,1662474715110.35,37.7
Russian Federation,2014,144478050,1695930665412.95,39.9
Russian Federation,2013,144478050,1683535346495.76,40.9
Russian Federation,2012,144478050,1654492026998.83,40.7
Russian Federation,2011,144478050,1590489364644.29,39.7
Russian Federation,2010,144478050,1524917468442.01,39.5
Russian Federation,2009,144478050,1459251165972.78,39.8
Russian Federation,2008,144478050,1582701810889.97,41.6
Russian Federation,2007,144478050,1504469841529.42,42.3
Russian Federation,2006,144478050,1386608432989.65,41.0
Russian Federation,2005,144478050,1281522697121.64,41.3
Russian Federation,2004,144478050,1204439016241.71,40.3
Russian Federation,2003,144478050,1123544404800.4,40.0
Russian Federation,2002,144478050,1047106154523.45,37.3
Russian Federation,2001,144478050,1000101466517.97,36.9
Russian Federation,2000,144478050,951570864960.202,37.1
San Marino,2019,33785.0,1723484312.19022,
San Marino,2018,33785.0,1683506067.26526,
San Marino,2017,33785.0,1657895541.39012,
San Marino,2016,33785.0,1653624799.59014,
San Marino,2015,33785.0,1615745175.01546,
San Marino,2014,33785.0,1579549705.66672,
San Marino,2013,33785.0,1590722471.04721,
San Marino,2012,33785.0,1603291832.10026,
San Marino,2011,33785.0,1724795655.61309,
San Marino,2010,33785.0,1881214370.93994,
San Marino,2009,33785.0,1990148833.39972,
San Marino,2008,33785.0,2219190523.69976,
San Marino,2007,33785.0,2230363289.08025,
San Marino,2006,33785.0,2082324147.78876,
San Marino,2005,33785.0,2005511385.79789,
San Marino,2004,33785.0,1958027132.93081,
San Marino,2003,33785.0,1872834796.90458,
San Marino,2002,33785.0,1803005013.27652,
San Marino,2001,33785.0,1797418630.58627,
San Marino,2000,33785.0,1702450124.85211,
Serbia,2020,6963764.0,49721665328.7509,
Serbia,2019,6963764.0,50213615458.7398,
Serbia,2018,6963764.0,48167224454.1516,
Serbia,2017,6963764.0,46095189764.125,36.2
Serbia,2016,6963764.0,45146586020.325,38.8
Serbia,2015,6963764.0,43688023451.3019,40.5
Serbia,2014,6963764.0,42912989429.7754,40.5
Serbia,2013,6963764.0,43606113097.5697,39.5
Serbia,2012,6963764.0,42380207643.5152,39.9
Serbia,2011,6963764.0,42671028784.1099,
Serbia,2010,6963764.0,41819468691.8251,
Serbia,2009,6963764.0,41515968465.9198,
Serbia,2008,6963764.0,42681933020.219,
Serbia,2007,6963764.0,40397236364.6127,
Serbia,2006,6963764.0,37953228515.7138,
Serbia,2005,6963764.0,36108863543.5274,
Serbia,2004,6963764.0,34216568530.7278,
Serbia,2003,6963764.0,31383228829.5405,
Serbia,2002,6963764.0,30064089625.5937,
Serbia,2001,6963764.0,28260927883.9268,
Serbia,2000,6963764.0,26442039540.6366,
Slovakia,2020,5446771.0,109217742998.773,
Slovakia,2019,5446771.0,114669504300.232,
Slovakia,2018,5446771.0,111860040781.458,25.0
Slovakia,2017,5446771.0,107920798507.243,
Slovakia,2016,5446771.0,104788135893.823,25.2
Slovakia,2015,5446771.0,102599958081.508,26.5
Slovakia,2014,5446771.0,97886806555.4282,26.1
Slovakia,2013,5446771.0,95367586177.8506,28.1
Slovakia,2012,5446771.0,94736136629.9989,26.1
Slovakia,2011,5446771.0,92972684423.6731,26.5
Slovakia,2010,5446771.0,90398832433.9335,27.3
Slovakia,2009,5446771.0,85385623781.6126,27.2
Slovakia,2008,5446771.0,90312661014.7879,26.0
Slovakia,2007,5446771.0,85543697111.3733,24.7
Slovakia,2006,5446771.0,77183191548.8511,25.8
Slovakia,2005,5446771.0,71141055378.2319,29.3
Slovakia,2004,5446771.0,66721763890.5898,27.1
Slovakia,2003,5446771.0,63376209830.9437,
Slovakia,2002,5446771.0,60072759439.2476,
Slovakia,2001,5446771.0,57480699484.5939,
Slovakia,2000,5446771.0,55669340110.9048,
Slovenia,2020,2073894.0,54150391223.0043,
Slovenia,2019,2073894.0,57321537836.0769,
Slovenia,2018,2073894.0,55552554713.0659,24.6
Slovenia,2017,2073894.0,53219159738.4832,24.2
Slovenia,2016,2073894.0,50784767161.7182,24.8
Slovenia,2015,2073894.0,49213931063.9334,25.4
Slovenia,2014,2073894.0,48149781597.2791,25.7
Slovenia,2013,2073894.0,46852821092.7902,26.2
Slovenia,2012,2073894.0,47340084426.0571,25.6
Slovenia,2011,2073894.0,48623471168.9764,24.9
Slovenia,2010,2073894.0,48208240226.4501,24.9
Slovenia,2009,2073894.0,47569032084.5723,24.8
Slovenia,2008,2073894.0,51452924048.1751,23.7
Slovenia,2007,2073894.0,49708243481.106,24.4
Slovenia,2006,2073894.0,46464917542.2106,24.4
Slovenia,2005,2073894.0,43939953420.6988,24.6
Slovenia,2004,2073894.0,42332188483.3471,24.8
Slovenia,2003,2073894.0,40563928635.612,
Slovenia,2002,2073894.0,39397655486.7049,
Slovenia,2001,2073894.0,38063308870.5395,
Slovenia,2000,2073894.0,36877133618.0695,
Spain,2020,46796540,1402990600402.94,
Spain,2019,46796540,1573546474089.29,
Spain,2018,46796540,1543447293320.58,34.7
Spain,2017,46796540,1506830599353.93,34.7
Spain,2016,46796540,1463316808003.09,35.8
Spain,2015,46796540,1420264316878.6,36.2
Spain,2014,46796540,1367806573139.25,36.1
Spain,2013,46796540,1349135775978.08,36.2
Spain,2012,46796540,1368783211618.46,35.4
Spain,2011,46796540,1410526928100.77,35.7
Spain,2010,46796540,1422108199783.34,35.2
Spain,2009,46796540,1419793790647.73,34.9
Spain,2008,46796540,1475313249889.36,34.2
Spain,2007,46796540,1462340169523.89,34.1
Spain,2006,46796540,1411461390559.29,33.5
Spain,2005,46796540,1355835173265.27,32.4
Spain,2004,46796540,1308064239825.59,33.3
Spain,2003,46796540,1268453048389.63,31.8
Spain,2002,46796540,1231724324368.01,
Spain,2001,46796540,1198979916301.37,
Spain,2000,46796540,1153609062039.34,34.3
Sweden,2020,10175214,580499441330.262,
Sweden,2019,10175214,597331155543.357,
Sweden,2018,10175214,589259147923.413,30.0
Sweden,2017,10175214,577988245098.533,28.8
Sweden,2016,10175214,563517539985.087,29.6
Sweden,2015,10175214,552086083358.095,29.2
Sweden,2014,10175214,528366235242.641,28.4
Sweden,2013,10175214,514686895802.716,28.8
Sweden,2012,10175214,508645330091.796,27.6
Sweden,2011,10175214,511655422318.786,27.6
Sweden,2010,10175214,495812558843.31,27.7
Sweden,2009,10175214,467959130636.214,27.3
Sweden,2008,10175214,489188904610.127,28.1
Sweden,2007,10175214,491402966162.082,27.1
Sweden,2006,10175214,475064446275.73,26.4
Sweden,2005,10175214,453900111906.39,26.8
Sweden,2004,10175214,441284651978.437,26.1
Sweden,2003,10175214,422942254775.017,25.3
Sweden,2002,10175214,413393644592.477,
Sweden,2001,10175214,404506946291.441,
Sweden,2000,10175214,398727398165.564,27.2
Switzerland,2020,8513227.0,692095426032.167,
Switzerland,2019,8513227.0,712547329373.334,
Switzerland,2018,8513227.0,704920576240.946,33.1
Switzerland,2017,8513227.0,684299849661.364,32.7
Switzerland,2016,8513227.0,673624122427.937,33.0
Switzerland,2015,8513227.0,660123368612.609,32.3
Switzerland,2014,8513227.0,649358506468.394,32.5
Switzerland,2013,8513227.0,633849198063.623,32.5
Switzerland,2012,8513227.0,622509149394.166,31.6
Switzerland,2011,8513227.0,615023126905.369,31.7
Switzerland,2010,8513227.0,603434493402.679,32.6
Switzerland,2009,8513227.0,584337741980.175,32.9
Switzerland,2008,8513227.0,596747909749.776,33.8
Switzerland,2007,8513227.0,580745403737.188,34.3
Switzerland,2006,8513227.0,558432011619.952,33.9
Switzerland,2005,8513227.0,536876383960.366,
Switzerland,2004,8513227.0,521833802215.75,
Switzerland,2003,8513227.0,507514147844.804,
Switzerland,2002,8513227.0,507752011245.753,31.7
Switzerland,2001,8513227.0,507779971959.633,
Switzerland,2000,8513227.0,499902423278.636,33.4
Ukraine,2020,44622516,130072807270.765,
Ukraine,2019,44622516,135521189665.04,26.6
Ukraine,2018,44622516,131291651249.309,26.1
Ukraine,2017,44622516,126968015121.443,26.0
Ukraine,2016,44622516,123912293812.632,25.0
Ukraine,2015,44622516,121203317705.377,25.5
Ukraine,2014,44622516,134331480637.625,24.0
Ukraine,2013,44622516,143750950398.359,24.6
Ukraine,2012,44622516,143789339118.051,24.7
Ukraine,2011,44622516,143446957451.616,24.6
Ukraine,2010,44622516,136013155905.036,24.8
Ukraine,2009,44622516,130990467246.875,25.3
Ukraine,2008,44622516,153669941036.719,26.6
Ukraine,2007,44622516,150209086270.689,27.0
Ukraine,2006,44622516,139607929641.793,29.8
Ukraine,2005,44622516,129940465635.033,29.0
Ukraine,2004,44622516,126159098825.019,28.9
Ukraine,2003,44622516,112532765633.157,28.7
Ukraine,2002,44622516,102754706789.826,29.0
Ukraine,2001,44622516,97629786737.4097,
Ukraine,2000,44622516,89401541680.6853,
United Kingdom,2020,66460344,2628312650645.44,
United Kingdom,2019,66460344,2913556871434.81,
United Kingdom,2018,66460344,2874157497314.14,
United Kingdom,2017,66460344,2838601442114.14,35.1
United Kingdom,2016,66460344,2790046007973.58,34.8
United Kingdom,2015,66460344,2742804332759.55,33.2
United Kingdom,2014,66460344,2679486211063.81,34.0
United Kingdom,2013,66460344,2604914574687.66,33.2
United Kingdom,2012,66460344,2549186468912.68,32.3
United Kingdom,2011,66460344,2513237223477.67,33.2
United Kingdom,2010,66460344,2481579504997.81,34.4
United Kingdom,2009,66460344,2431156088971.62,34.3
United Kingdom,2008,66460344,2535463784367.3,34.1
United Kingdom,2007,66460344,2542551914678.86,35.7
United Kingdom,2006,66460344,2483917165662.06,34.6
United Kingdom,2005,66460344,2418760584175.25,34.3
United Kingdom,2004,66460344,2349321871594.96,36.0
United Kingdom,2003,66460344,2296810396769.92,35.1
United Kingdom,2002,66460344,2222966092388.24,35.1
United Kingdom,2001,66460344,2175566069186.13,37.3
United Kingdom,2000,66460344,2117744535140.26,38.4
